Ticker,Next_Earnings
AACBR,-
AACBU,-
AACB,-
AACG,-
AACIU,-
AACOU,-
AAL,2026-04-23
AAME,-
AAOI,2026-02-27
AAON,2026-03-02
AAPG,2026-03-27
AAPL,2026-05-01
AARD,2026-03-31
ABAT,2026-05-15
ABCL,2026-02-25
ABEO,2026-03-17
ABLV,-
ABNB,2026-05-01
ABOS,2026-03-24
ABP,-
ABSI,2026-03-18
ABTC,2026-02-26
ABTS,-
ABUS,2026-03-26
ABVC,-
ABVE,-
ABVX,2026-03-24
ACAAU,-
ACAD,2026-02-26
ACB,2026-02-04
ACCL,-
ACDC,2026-03-05
ACET,2026-03-06
ACFN,-
ACGLN,-
ACGLO,-
ACGL,2026-04-30
ACHC,2026-02-25
ACHV,2026-03-10
ACIC,2026-05-08
ACIU,2026-03-12
ACIW,2026-02-26
ACLS,2026-05-06
ACLX,2026-02-27
ACMR,2026-02-26
ACNB,2026-04-24
ACNT,2026-03-04
ACOG,2026-04-01
ACON,-
ACRS,2026-02-26
ACRV,-
ACTG,2026-03-12
ACTU,2026-04-01
ACT,2026-04-30
ACXP,2026-03-13
ADACU,-
ADAC,-
ADAG,-
ADAMG,-
ADAMH,-
ADAMI,-
ADAML,-
ADAMM,-
ADAMN,-
ADAMO,-
ADAMZ,-
ADAM,2026-04-30
ADBE,2026-03-13
ADEA,2026-02-23
ADGM,-
ADIL,-
ADI,2026-05-21
ADMA,2026-02-26
ADPT,2026-05-01
ADP,2026-04-29
ADSE,2026-04-30
ADSK,2026-02-27
ADTN,2026-02-26
ADTX,-
ADUR,2026-04-14
ADUS,2026-02-24
ADVB,-
ADV,2026-03-03
ADXN,-
AEAQU,-
AEAQ,-
AEBI,2026-03-26
AEC,2026-04-09
AEHL,-
AEHR,2026-04-08
AEIS,2026-04-30
AEI,-
AEMD,2026-02-13
AENT,2026-05-15
AEP,2026-05-06
AERT,-
AEVA,2026-02-27
AEYE,2026-03-06
AFBI,-
AFCG,2026-03-04
AFJKR,-
AFJKU,-
AFJK,-
AFRI,-
AFRM,2026-05-08
AFYA,2026-03-13
AGAE,2026-03-26
AGCC,-
AGEN,2026-03-10
AGH,-
AGIO,2026-04-30
AGMB,-
AGMH,-
AGNCL,-
AGNCM,-
AGNCN,-
AGNCO,-
AGNCP,-
AGNCZ,-
AGNC,2026-04-21
AGPU,-
AGRZ,-
AGYS,2026-01-27
AHCO,2026-02-24
AHG,-
AHMA,2026-05-01
AIDX,-
AIFF,-
AIFU,-
AIHS,-
AIIO,-
AIMD,-
AIOS,-
AIOT,2026-02-09
AIP,2026-05-13
AIRE,-
AIRG,2026-02-27
AIRJ,2026-03-25
AIRO,2026-03-31
AIRS,2026-03-13
AIRTP,-
AIRT,-
AISP,2026-05-14
AIXC,-
AIXI,-
AKAM,2026-05-08
AKAN,-
AKBA,2026-02-26
AKTS,-
AKTX,-
ALAB,2026-05-06
ALAR,-
ALBT,-
ALCO,2026-05-13
ALCYU,-
ALCY,-
ALDFU,-
ALDF,-
ALDX,2026-02-27
ALEC,2026-03-05
ALFUU,-
ALF,-
ALGM,2026-05-07
ALGN,2026-04-30
ALGS,2026-03-09
ALGT,2026-05-06
ALHC,2026-02-27
ALISR,-
ALISU,-
ALIS,-
ALKS,2026-02-25
ALKT,2026-02-26
ALLO,2026-03-20
ALLR,-
ALLT,2026-02-25
ALMS,2026-03-26
ALMU,2026-05-15
ALM,2026-03-19
ALNT,2026-03-06
ALNY,2026-04-30
ALOT,2026-04-14
ALOVU,-
ALPS,-
ALRM,2026-05-08
ALRS,2026-05-06
ALTI,2026-03-13
ALTO,2026-03-05
ALTS,2026-03-26
ALT,2026-02-26
ALVO,2026-03-19
ALXO,2026-02-27
ALZN,-
AMAL,2026-04-23
AMAT,2026-05-15
AMBA,2026-02-27
AMBR,-
AMCI,-
AMCX,2026-05-09
AMD,2026-05-06
AMGN,2026-05-01
AMIX,-
AMKR,2026-04-28
AMLX,2026-03-03
AMOD,-
AMPGR,-
AMPGZ,-
AMPG,-
AMPH,2026-02-27
AMPL,2026-05-07
AMRN,2026-02-25
AMRX,2026-02-27
AMSC,2026-02-05
AMSF,2026-02-26
AMST,-
AMTX,2026-03-12
AMWD,2026-03-05
AMZN,2026-05-01
ANAB,2026-02-27
ANDE,2026-05-06
ANEB,-
ANGH,2026-05-01
ANGI,2026-05-06
ANGO,2026-04-02
ANIK,2026-02-26
ANIP,2026-02-27
ANIX,2026-03-10
ANL,-
ANNA,-
ANNX,2026-03-03
ANPA,-
ANSCU,-
ANSC,-
ANTA,2026-02-24
ANTX,-
ANY,-
AOSL,2026-05-07
AOUT,2026-03-11
APACR,-
APACU,-
APAC,-
APADR,-
APADU,-
APAD,-
APA,2026-02-26
APC,-
APEI,2026-03-13
APGE,2026-03-02
API,2026-03-03
APLD,2026-04-10
APLM,-
APLS,2026-02-24
APM,-
APOG,2026-04-23
APPF,2026-05-01
APPN,2026-05-07
APPS,2026-02-04
APP,2026-05-07
APRE,-
APVO,-
APWC,-
APXTU,-
APXT,-
APYX,2026-03-12
AQB,-
AQMS,2026-03-31
AQST,2026-03-05
ARAI,2026-03-31
ARAY,2026-04-30
ARBB,-
ARBE,2026-02-26
ARBK,-
ARCB,2026-04-29
ARCC,2026-04-28
ARCIU,-
ARCT,2026-03-04
ARDX,2026-05-01
AREB,-
AREC,2026-03-31
ARGX,2026-02-26
ARHS,2026-02-26
ARKO,2026-02-26
ARKR,2026-05-12
ARLP,2026-04-27
ARM,2026-05-07
AROW,2026-04-30
ARQQ,2025-12-09
ARQT,2026-02-26
ARQ,2026-03-05
ARRY,2026-02-26
ARTCU,-
ARTL,-
ARTNA,2026-03-25
ARTV,-
ARTW,-
ARVN,2026-02-24
ARWR,2026-05-12
ASBP,-
ASLE,2026-03-06
ASMB,-
ASML,2026-04-15
ASND,2026-05-01
ASNS,-
ASO,2026-03-19
ASPCR,-
ASPCU,-
ASPC,-
ASPI,2026-03-31
ASPS,2026-03-04
ASRT,2026-03-10
ASRV,2026-04-21
ASST,2026-02-24
ASTC,-
ASTE,2026-02-25
ASTH,2026-03-02
ASTI,-
ASTL,2026-02-27
ASTS,2026-03-03
ASUR,2026-02-27
ASYS,2026-05-12
ATAI,2026-03-16
ATAT,2026-03-24
ATCX,-
ATEC,2026-02-25
ATER,2026-03-19
ATEX,2026-02-12
ATGL,-
ATHE,-
ATHR,-
ATIIU,-
ATII,-
ATLCL,-
ATLCP,-
ATLCZ,-
ATLC,2026-03-12
ATLN,-
ATLO,2026-04-17
ATLX,-
ATNI,2026-03-05
ATOM,2026-05-13
ATON,2026-04-14
ATOS,-
ATPC,-
ATRA,2026-03-05
ATRC,2026-04-29
ATRO,2026-02-25
ATXG,-
ATYR,2026-03-20
AUBN,-
AUDC,2026-05-05
AUGO,2026-02-27
AUID,2026-03-20
AUPH,2026-02-26
AURA,2026-03-30
AURE,-
AUR,2026-05-07
AUTL,2026-03-19
AUUD,-
AVAH,2026-03-12
AVAV,2026-03-04
AVBH,2026-05-01
AVBP,2026-03-02
AVGO,2026-03-05
AVIR,2026-03-06
AVNW,2026-05-06
AVO,2026-03-10
AVPT,2026-02-27
AVR,2026-04-01
AVTX,-
AVT,2026-04-29
AVXL,2026-05-11
AVX,-
AWRE,2026-03-05
AXGN,2026-02-24
AXG,2026-01-10
AXINR,-
AXINU,-
AXIN,-
AXON,2026-02-25
AXSM,2026-02-23
AXTI,2026-05-01
AYTU,-
AZI,-
AZTA,2026-05-06
AZ,-
BACCR,-
BACCU,-
BACC,-
BACQR,-
BACQU,-
BACQ,-
BAER,2026-03-06
BAFN,2026-04-24
BAND,2026-05-06
BANFP,-
BANF,2026-04-17
BANL,-
BANR,2026-04-16
BANX,-
BAOS,-
BATRA,2026-02-25
BATRK,2026-02-25
BAYAR,-
BAYAU,-
BAYA,-
BBCP,2026-03-11
BBCQU,-
BBCQ,-
BBGI,2026-02-26
BBIO,2026-02-25
BBLG,-
BBNX,2026-05-06
BBOT,2026-02-25
BBSI,2026-02-26
BCAB,2026-04-01
BCAL,2026-04-23
BCARU,-
BCAR,-
BCAX,2026-03-26
BCBP,2026-04-22
BCDA,-
BCG,-
BCIC,2026-03-06
BCML,2026-04-24
BCPC,2026-04-23
BCRX,2026-02-26
BCTX,-
BCYC,2026-02-24
BDCIU,-
BDCI,-
BDMD,-
BDRX,-
BDSX,2026-02-27
BDTX,2026-03-05
BEAGR,-
BEAGU,-
BEAG,-
BEAM,2026-02-24
BEAT,2026-03-20
BEEM,2026-04-01
BEEP,2026-03-03
BELFA,2026-05-01
BELFB,2026-05-01
BENF,-
BETR,2026-03-19
BFC,2026-04-15
BFRG,-
BFRI,2026-03-21
BFST,2026-04-24
BGC,2026-05-07
BGIN,-
BGLC,-
BGL,-
BGMSP,-
BGMS,-
BGM,2026-02-25
BHAT,-
BHFAL,-
BHFAM,-
BHFAN,-
BHFAO,-
BHFAP,-
BHF,2026-02-24
BHRB,2026-04-25
BHST,2026-03-31
BIAF,-
BIDU,2026-02-26
BIIB,2026-04-30
BILI,2026-03-05
BIOA,2026-03-20
BIOX,2026-02-26
BIRD,2026-03-11
BITF,2026-03-26
BIVI,2026-05-12
BIXIU,-
BIXI,-
BIYA,2026-03-31
BJDX,-
BJRI,2026-02-26
BKHAR,-
BKHAU,-
BKHA,-
BKNG,2026-04-29
BKR,2026-04-22
BKYI,-
BLBD,2026-05-07
BLBX,-
BLDP,2026-03-12
BLFS,2026-02-27
BLFY,2026-02-24
BLIN,2026-05-15
BLIV,-
BLKB,2026-04-29
BLLN,2026-03-05
BLMN,2026-02-25
BLNE,2026-03-31
BLNK,2026-03-13
BLRKU,-
BLRK,-
BLRX,2026-03-31
BLTE,2026-03-10
BLUWU,-
BLUW,-
BLZE,2026-02-24
BLZRU,-
BLZR,-
BL,2026-05-06
BMBL,2026-03-12
BMEA,2026-04-01
BMGL,-
BMHL,-
BMM,2026-02-24
BMRA,-
BMRC,2026-04-27
BMRN,2026-02-24
BMR,-
BNAI,2026-03-27
BNBX,2026-05-16
BNC,-
BNGO,2026-03-12
BNKK,-
BNRG,-
BNR,-
BNTC,2026-05-14
BNTX,2026-03-10
BNZI,-
BODI,2026-03-27
BOF,-
BOKF,2026-04-21
BOLD,-
BOLT,-
BON,-
BOOM,2026-02-24
BOSC,2026-03-31
BOTJ,-
BOXL,-
BPACR,-
BPACU,-
BPAC,-
BPOPM,-
BPOP,2026-04-22
BPRN,2026-04-24
BPYPM,-
BPYPN,-
BPYPO,-
BPYPP,-
BRAG,2026-03-19
BRAI,-
BRBI,-
BRCB,2026-03-04
BRFH,-
BRID,-
BRKRP,-
BRKR,2026-05-07
BRLS,-
BRLT,2026-03-05
BRNS,-
BRR,-
BRTX,-
BRZE,2026-03-27
BSAAR,-
BSAAU,-
BSAA,-
BSBK,-
BSET,2026-04-09
BSRR,2026-04-27
BSVN,2026-04-16
BSY,2026-02-26
BTAI,2026-03-26
BTBD,-
BTBT,2026-03-12
BTCS,-
BTCT,-
BTDR,2026-05-14
BTMD,2026-03-12
BTM,2026-03-17
BTOC,-
BTOG,-
BTQ,-
BTSGU,-
BTSG,2026-02-27
BTTC,-
BULL,2026-03-05
BUSEP,-
BUSE,2026-04-29
BUUU,-
BVC,-
BVFL,2026-04-07
BVS,2026-03-10
BWAY,2026-03-10
BWBBP,-
BWB,2026-04-23
BWEN,2026-03-11
BWFG,2026-04-22
BWIN,2026-02-27
BWMN,2026-03-05
BYAH,-
BYFC,-
BYND,2026-02-26
BYRN,2026-04-09
BYSI,2026-03-27
BZAI,2026-03-27
BZFD,2026-03-13
BZUN,2026-03-19
BZ,2026-03-10
CAAS,2026-03-27
CABA,2026-03-30
CABR,-
CACC,2026-04-30
CAC,2026-05-05
CADL,2026-03-12
CAEP,-
CAI,2026-02-27
CAKE,2026-04-30
CALC,-
CALM,2026-04-07
CAMP,-
CAMT,2026-05-19
CAN,2026-05-13
CAPNR,-
CAPNU,-
CAPN,-
CAPR,2026-03-20
CAPS,-
CAPT,-
CAQUU,-
CARE,2026-04-30
CARG,2026-05-08
CARL,2026-02-26
CART,2026-05-01
CAR,2026-05-08
CASH,2026-04-22
CASI,-
CASS,2026-04-16
CASY,2026-03-10
CATY,2026-04-21
CBAT,2026-03-16
CBC,2026-04-28
CBFV,2026-04-24
CBIO,-
CBK,2026-04-28
CBLL,2026-02-25
CBNK,2026-04-28
CBRL,2026-03-05
CBSH,2026-04-21
CBUS,2026-03-20
CCAP,2026-02-26
CCBG,2026-04-21
CCB,2026-04-30
CCCC,2026-02-26
CCC,2026-02-25
CCD,-
CCEC,2026-02-24
CCEP,2026-02-17
CCG,2026-03-16
CCHH,-
CCIIU,-
CCII,-
CCIXU,-
CCIX,-
CCLDO,-
CCLD,2026-03-12
CCNEP,-
CCNE,2026-04-15
CCOI,2026-05-07
CCRN,2026-03-05
CCSI,2026-05-07
CCTG,-
CCXIU,-
CCXI,-
CDIO,2026-03-13
CDLX,2026-03-05
CDNA,2026-02-25
CDNL,-
CDNS,2026-04-28
CDRO,2026-02-26
CDTG,-
CDT,-
CDW,2026-05-06
CDXS,2026-02-27
CDZIP,-
CDZI,2026-03-26
CD,-
CECO,2026-02-24
CEG,2026-02-24
CELC,2026-03-31
CELH,2026-02-26
CELU,-
CELZ,-
CENN,-
CENTA,2026-05-07
CENT,2026-05-07
CENX,2026-05-07
CEPF,-
CEPO,-
CEPS,-
CEPT,-
CEPV,-
CERS,2026-03-03
CERT,2026-02-26
CETX,-
CETY,-
CEVA,2026-05-07
CFBK,2026-05-05
CFFI,2026-04-24
CFFN,2026-04-22
CFLT,2026-04-30
CGBD,2026-02-25
CGCTU,-
CGCT,-
CGC,2026-02-06
CGEM,2026-02-26
CGEN,2026-03-02
CGNT,2026-04-01
CGNX,2026-04-30
CGON,2026-03-26
CGO,-
CGTL,2026-02-03
CGTX,-
CG,2026-05-08
CHACR,-
CHACU,-
CHAC,-
CHAI,-
CHARR,-
CHARU,-
CHAR,-
CHA,2026-02-27
CHCI,2026-03-27
CHCO,2026-04-23
CHDN,2026-02-26
CHECU,-
CHEC,-
CHEF,2026-04-29
CHI,-
CHKP,2026-04-23
CHMG,2026-04-18
CHNR,-
CHPGR,-
CHPGU,-
CHPG,-
CHRD,2026-02-26
CHRS,2026-03-11
CHRW,2026-04-30
CHR,-
CHSCL,-
CHSCM,-
CHSCN,-
CHSCO,-
CHSCP,-
CHSN,-
CHTR,2026-04-24
CHW,-
CHYM,2026-02-26
CHY,-
CIFR,2026-02-24
CIGI,2026-05-05
CIGL,-
CIIT,-
CINF,2026-04-28
CING,-
CISO,-
CISS,2026-05-04
CIVB,2026-04-23
CJMB,-
CLAR,2026-03-13
CLBK,2026-04-30
CLBT,2026-02-11
CLDX,2026-02-27
CLFD,2026-05-08
CLGN,2026-03-25
CLIK,-
CLIR,2026-04-01
CLLS,2026-03-13
CLMB,2026-02-26
CLMT,2026-02-27
CLNE,2026-02-25
CLNN,-
CLOV,2026-02-27
CLPS,2026-03-04
CLPT,2026-02-26
CLRB,2026-03-12
CLRO,-
CLSK,2026-05-08
CLST,-
CLWT,-
CLYM,-
CMBM,-
CMCO,2026-02-10
CMCSA,2026-04-23
CMCT,2026-03-05
CME,2026-04-22
CMIIU,-
CMMB,-
CMND,-
CMPR,2026-04-30
CMPS,2026-02-26
CMPX,2026-02-26
CMRC,2026-05-07
CMTL,2026-03-11
CMTV,-
CNCK,2026-02-12
CNDT,2026-05-06
CNET,-
CNEY,-
CNOBP,-
CNOB,2026-04-30
CNSP,-
CNTA,2026-03-24
CNTB,-
CNTN,-
CNTX,-
CNTY,2026-03-13
CNVS,2026-02-18
CNXC,2026-03-25
CNXN,2026-04-30
COCH,-
COCO,2026-04-29
COCP,-
CODA,2026-03-16
COEP,-
COFS,2026-04-29
COGT,2026-05-05
COHU,2026-05-01
COIN,2026-05-08
COKE,2026-04-30
COLAR,-
COLAU,-
COLA,-
COLB,2026-04-24
COLL,2026-02-26
COLM,2026-05-01
COOT,-
COO,2026-03-06
CORT,2026-02-25
CORZ,2026-02-26
COSM,-
COST,2026-03-06
COYA,2026-03-12
CPBI,-
CPB,2026-03-11
CPHC,-
CPIX,2026-03-04
CPOP,-
CPRT,2026-02-20
CPRX,2026-02-26
CPSH,2026-03-12
CPSS,2026-02-26
CPZ,-
CRACR,-
CRACU,-
CRAC,-
CRAI,2026-02-26
CRANR,-
CRANU,-
CRAN,-
CRAQR,-
CRAQU,-
CRAQ,-
CRBP,2026-03-10
CRBU,2026-03-18
CRCT,2026-03-04
CRDF,2026-02-27
CRDL,2026-04-01
CRDO,2026-03-03
CREG,-
CRESY,2026-05-08
CREX,2026-03-13
CRE,-
CRGO,2026-02-23
CRIS,2026-02-28
CRMD,2026-03-12
CRML,-
CRMT,2026-03-05
CRNC,2026-05-07
CRNT,2026-05-13
CRNX,2026-02-27
CRON,2026-02-26
CROX,2026-05-07
CRSP,2026-05-12
CRSR,2026-05-12
CRTO,2026-05-08
CRUS,2026-05-06
CRVL,2026-02-03
CRVO,2026-03-19
CRVS,2026-03-05
CRWD,2026-03-04
CRWS,2026-02-11
CRWV,2026-02-27
CSAI,-
CSBR,2026-03-12
CSCO,2026-05-14
CSGP,2026-02-25
CSGS,2026-05-07
CSIQ,2026-03-19
CSPI,2026-05-14
CSQ,-
CSTE,2026-03-04
CSTL,2026-02-27
CSWC,2026-05-14
CSX,2026-04-16
CTAS,2026-03-25
CTBI,2026-04-22
CTKB,2026-02-27
CTLP,2026-05-08
CTMX,2026-03-06
CTNM,2026-03-06
CTNT,-
CTOR,-
CTRM,2026-04-30
CTRN,2026-03-17
CTSH,2026-04-29
CTSO,2026-03-31
CTW,-
CTXR,2026-05-15
CUBA,-
CUBWU,-
CUB,-
CUE,-
CUPR,-
CURI,2026-03-12
CURR,2026-04-13
CURX,-
CVBF,2026-04-23
CVCO,2026-01-30
CVGI,2026-03-10
CVGW,2026-03-13
CVKD,-
CVLT,2026-04-28
CVRX,2026-05-15
CVV,2026-03-19
CV,2026-04-01
CWBC,2026-04-24
CWCO,2026-03-17
CWD,2026-04-01
CWST,2026-05-01
CXAI,2026-04-01
CXDO,2026-03-04
CYCN,-
CYCU,-
CYN,2026-03-05
CYPH,2026-03-11
CYRX,2026-03-04
CYTK,2026-02-25
CZFS,2026-05-08
CZNC,2026-04-23
CZR,2026-04-29
CZWI,2026-04-27
DAAQU,-
DAAQ,-
DAIC,-
DAIO,-
DAKT,2026-03-11
DARE,2026-03-31
DASH,2026-05-12
DAVE,2026-03-03
DAWN,2026-02-25
DBCAU,-
DBGI,-
DBVT,2026-03-24
DBX,2026-05-08
DCBO,2026-02-27
DCGO,2026-02-27
DCOMP,-
DCOM,2026-04-21
DCOY,-
DCTH,2026-02-26
DCX,-
DDI,2026-05-13
DDOG,2026-05-05
DEFT,-
DERM,2026-03-27
DEVS,-
DFDV,2026-03-31
DFLI,2026-03-25
DFNS,-
DFSC,2026-05-15
DFTX,2026-02-27
DGICA,2026-04-23
DGICB,2026-04-23
DGII,2026-05-07
DGNX,2025-12-09
DGXX,2026-04-01
DHAI,-
DHC,2026-02-24
DHIL,2026-02-26
DH,2026-02-27
DIBS,2026-02-27
DIOD,2026-05-08
DJCO,2026-05-15
DJT,2026-02-24
DKI,-
DKNG,2026-05-08
DLHC,2026-05-07
DLO,2026-03-19
DLPN,2026-03-27
DLTH,2026-03-12
DLTR,2026-03-25
DLXY,-
DMAAR,-
DMAAU,-
DMAA,-
DMAC,2026-03-18
DMIIR,-
DMIIU,-
DMII,-
DMLP,2026-02-27
DMRC,2026-02-27
DNLI,2026-03-03
DNMXU,-
DNMX,-
DNTH,2026-03-11
DNUT,2026-02-26
DOCU,2026-03-13
DOGZ,-
DOMH,-
DOMO,2026-03-06
DOO,2026-03-25
DORM,2026-02-26
DOX,2026-05-07
DOYU,2026-03-19
DPRO,2026-03-27
DPZ,2026-02-23
DRCT,2026-03-25
DRDBU,-
DRDB,-
DRH,2026-02-27
DRIO,2026-03-16
DRMA,-
DRS,2026-02-24
DRTS,2026-03-13
DRUG,2026-05-16
DRVN,2026-02-25
DSACU,-
DSAC,-
DSGN,2026-03-11
DSGR,2026-03-05
DSGX,2026-03-12
DSP,2026-03-12
DSWL,-
DSY,-
DTCK,-
DTCX,-
DTIL,2026-03-31
DTI,2026-03-06
DTSQR,-
DTSQU,-
DTSQ,-
DTSS,-
DTST,2026-03-30
DUOL,2026-02-27
DUOT,2026-04-01
DUO,-
DVLT,2026-03-27
DWSN,-
DWTX,2026-03-30
DXCM,2026-05-01
DXLG,2026-03-20
DXPE,2026-02-26
DXR,-
DXST,-
DYAI,2026-03-26
DYN,2026-02-27
DYORU,-
DYOR,-
EA,2026-05-06
EBAY,2026-04-30
EBC,2026-04-24
EBMT,2026-04-29
EBON,-
ECBK,-
ECOR,2026-03-12
ECPG,2026-02-26
ECX,2026-04-30
EDAP,2026-03-26
EDBL,2026-03-31
EDHL,-
EDIT,2026-03-11
EDRY,2026-02-20
EDSA,-
EDTK,-
EDUC,-
EEFT,2026-04-22
EEIQ,-
EFOI,-
EFSCP,-
EFSC,2026-04-28
EFSI,2026-05-16
EFTY,-
EGAN,2026-05-14
EGBN,2026-04-23
EGHAR,-
EGHAU,-
EGHA,-
EGHT,2026-02-04
EHGO,-
EHLD,-
EHTH,2026-02-26
EH,2026-03-12
EIKN,-
EJH,-
EKSO,2026-03-03
ELAB,-
ELBM,2026-02-24
ELDN,2026-03-20
ELE,2026-04-17
ELOG,-
ELPW,-
ELSE,-
ELTK,2026-03-10
ELTX,-
ELUT,2026-03-06
ELVA,2026-05-15
ELVN,2026-03-13
ELVR,-
ELWS,-
ELWT,2026-04-01
EMAT,-
EMBC,2026-05-08
EMISR,-
EMIS,-
EML,2026-03-04
EMPD,2026-03-17
EMPG,-
EM,-
ENGN,-
ENGS,-
ENLT,2026-05-06
ENLV,-
ENPH,2026-04-29
ENSC,-
ENSG,2026-04-29
ENTA,2026-05-12
ENTG,2026-05-07
ENTX,-
ENVB,-
ENVX,2026-02-26
EOLS,2026-03-04
EOSE,2026-02-26
EPOW,2025-12-19
EPRX,2026-03-20
EPSM,-
EPSN,2026-03-26
EQIX,2026-04-30
EQPT,-
EQ,-
ERAS,2026-03-20
ERIC,2026-04-17
ERIE,2026-02-24
ERII,2026-02-26
ERNA,-
ESCA,2026-02-27
ESEA,2026-02-25
ESGL,-
ESHAR,-
ESHA,-
ESLA,-
ESLT,2026-03-17
ESOA,2026-05-07
ESPR,2026-03-03
ESQ,2026-04-23
ESTA,2026-02-24
ETHMU,-
ETHM,-
ETHZ,2026-03-31
ETON,2026-03-18
ETOR,2026-05-12
ETS,-
EUDA,-
EURKR,-
EURKU,-
EURK,-
EU,2026-03-02
EVAX,-
EVCM,2026-03-13
EVER,2026-02-24
EVGN,2026-03-05
EVGO,2026-03-03
EVLV,2026-03-11
EVOXU,-
EVOX,-
EVO,2026-04-09
EVRG,2026-05-07
EVTV,-
EWBC,2026-04-22
EWCZ,2026-03-11
EWTX,2026-03-02
EXAS,2026-05-08
EXC,2026-04-30
EXEL,2026-05-13
EXE,2026-04-29
EXFY,2026-02-27
EXLS,2026-02-25
EXOZ,-
EXPE,2026-05-08
EXPI,2026-02-25
EXPO,2026-05-01
EXTR,2026-04-29
EYE,2026-03-04
EYPT,2026-03-04
EZGO,-
EZPW,2026-04-30
EZRA,-
FACTU,-
FACT,-
FAMI,-
FANG,2026-02-24
FARM,2026-05-08
FAST,2026-04-13
FATE,2026-03-04
FATN,2026-02-03
FA,2026-02-26
FBGL,-
FBIOP,-
FBIO,-
FBIZ,2026-04-24
FBLA,-
FBLG,-
FBNC,2026-04-23
FBRX,-
FBYD,2026-03-31
FCAP,2026-04-25
FCBC,2026-04-22
FCCO,2026-04-22
FCEL,2026-03-11
FCFS,2026-04-30
FCHL,-
FCNCA,2026-04-23
FCNCN,-
FCNCO,-
FCNCP,-
FCUV,-
FDBC,2026-04-22
FDMT,2026-02-27
FDSB,-
FDUS,2026-02-27
FEAM,2026-02-13
FEBO,-
FEED,-
FEIM,2026-03-13
FELE,2026-04-28
FEMY,-
FENC,2026-03-10
FERAR,-
FERAU,-
FERA,-
FER,2026-02-26
FFAI,2026-04-01
FFBC,2026-04-24
FFIC,2026-04-30
FFIN,2026-04-17
FFIV,2026-04-28
FGBIP,-
FGBI,-
FGIIU,-
FGI,2026-03-26
FGL,-
FGMCR,-
FGMCU,-
FGMC,-
FGNXP,-
FGNX,-
FHB,2026-04-22
FHTX,2026-03-05
FIBK,2026-04-30
FIEE,-
FIGR,2026-02-27
FIGXU,-
FIGX,-
FINW,2026-04-30
FIP,2026-02-27
FISI,2026-04-28
FISV,2026-04-23
FITBI,-
FITBM,-
FITBO,-
FITBP,-
FITB,2026-04-17
FIVE,2026-03-19
FIVN,2026-05-01
FIZZ,2026-03-13
FKWL,-
FLD,2026-03-11
FLEX,2026-05-06
FLGT,2026-02-27
FLL,2026-03-06
FLNC,2026-05-07
FLNT,2026-02-27
FLUX,2026-05-08
FLWS,2026-05-07
FLXS,2026-04-21
FLX,2026-03-12
FLYE,-
FLYW,2026-02-25
FLY,2026-03-05
FMAO,2026-04-29
FMBH,2026-04-30
FMFC,-
FMNB,2026-04-15
FMST,-
FNGR,2026-01-15
FNKO,2026-03-06
FNLC,2026-04-23
FNWB,-
FNWD,2026-04-29
FOFO,-
FOLD,2026-05-08
FONR,2026-05-15
FORA,2026-04-01
FORM,2026-04-30
FORR,2026-05-06
FORTY,2026-03-19
FOSL,2026-03-12
FOXA,2026-05-11
FOXF,2026-02-27
FOXX,-
FOX,2026-05-11
FRAF,2026-04-29
FRBA,2026-04-22
FRD,2026-02-10
FRGT,2026-04-01
FRHC,2026-05-08
FRMEP,-
FRME,2026-04-24
FRMI,2026-03-24
FROG,2026-05-08
FRPH,2026-03-05
FRPT,2026-02-23
FRSH,2026-04-29
FRST,2026-05-01
FRSX,-
FSBC,2026-04-28
FSBW,2026-04-22
FSEA,-
FSHPR,-
FSHPU,-
FSHP,-
FSLR,2026-02-25
FSLY,2026-05-07
FSTR,2026-03-03
FSUN,2026-05-05
FSV,2026-04-23
FTAIM,-
FTAIN,-
FTAI,2026-02-26
FTCI,2026-03-05
FTDR,2026-02-26
FTEK,2026-03-04
FTEL,2026-04-27
FTFT,-
FTHM,2026-03-13
FTLF,2026-03-26
FTNT,2026-05-08
FTRE,2026-02-26
FTRK,-
FUFU,2026-03-24
FULC,2026-02-24
FULTP,-
FULT,2026-04-15
FUNC,2026-04-21
FUND,-
FUSB,-
FUSE,-
FUTU,2026-03-12
FVCB,2026-04-22
FVNNR,-
FVNNU,-
FVN,-
FWDI,-
FWONA,2026-02-26
FWONK,2026-02-26
FWRD,2026-02-24
FWRG,2026-02-24
FXNC,2026-04-30
GABC,2026-04-28
GAIA,2026-03-03
GAIN,2026-05-13
GALT,-
GAMB,2026-03-12
GAME,2026-04-01
GANX,-
GASS,2026-02-25
GAUZ,2026-02-24
GBDC,2026-05-05
GBFH,2026-04-29
GBLI,2026-03-11
GCBC,2026-04-21
GCL,2026-01-30
GCMG,2026-05-07
GCTK,-
GCT,2026-02-26
GDC,-
GDEN,2026-02-26
GDEV,2026-03-31
GDHG,-
GDRX,2026-02-26
GDS,2026-03-18
GDTC,-
GDYN,2026-03-06
GECC,2026-03-10
GEG,2026-05-07
GEHC,2026-04-29
GELS,-
GEMI,2026-03-31
GENK,2026-03-06
GENVR,-
GEN,2026-05-08
GEOS,2026-05-08
GERN,2026-02-25
GEVO,2026-03-06
GFAI,-
GFS,2026-05-05
GGAL,2026-03-05
GGRP,2026-05-14
GGR,2026-05-07
GHRS,2026-02-26
GH,2026-04-30
GIBO,-
GIFT,-
GIGGU,-
GIGM,-
GIG,-
GIII,2026-03-12
GILD,2026-04-24
GILT,2026-02-10
GIPR,-
GITS,-
GIWWR,-
GIWWU,-
GIW,-
GIXXU,-
GLAD,2026-05-07
GLBE,2026-05-13
GLBS,2026-03-14
GLDD,2026-02-25
GLE,-
GLIBA,2026-04-29
GLIBK,2026-04-29
GLMD,-
GLNG,2026-02-25
GLOO,2026-04-16
GLPG,2026-02-24
GLPI,2026-05-01
GLRE,2026-03-11
GLSI,2026-04-01
GLTO,-
GLUE,2026-03-19
GLXG,-
GLXY,2026-05-12
GMAB,2026-05-08
GMGI,2026-03-24
GMHS,-
GMM,-
GNLN,-
GNLX,-
GNPX,-
GNSS,2026-05-13
GNTA,-
GNTX,2026-04-24
GOAI,-
GOCO,2026-03-05
GOGO,2026-02-27
GOODN,-
GOODO,-
GOOD,2026-05-08
GOOGL,2026-04-24
GOOG,2026-04-24
GOSS,2026-03-13
GOVX,2026-03-20
GO,2026-03-05
GPACU,-
GPAC,-
GPATU,-
GPAT,-
GPCR,2026-02-27
GPRE,2026-05-07
GPRO,2026-03-06
GP,2026-02-13
GRAB,2026-05-01
GRAL,2026-05-13
GRAN,-
GRCE,-
GRDX,-
GREEL,-
GREE,-
GRFS,2026-02-27
GRI,-
GRNQ,-
GROW,2026-05-08
GRPN,2026-03-11
GRRR,2026-03-19
GRVY,2026-05-08
GRWG,2026-03-13
GSAT,2026-02-27
GSBC,2026-04-16
GSHD,2026-04-23
GSHRU,-
GSHR,-
GSIT,2026-05-01
GSIW,-
GSM,2026-05-07
GSRFR,-
GSRFU,-
GSRF,-
GSUN,-
GTBP,-
GTEC,-
GTENU,-
GTEN,-
GTERA,-
GTERR,-
GTERU,-
GTIM,2026-05-08
GTI,-
GTLB,2026-03-04
GTM,2026-05-05
GTX,2026-04-30
GT,2026-05-07
GURE,-
GUTS,2026-03-04
GVH,-
GV,-
GWAV,-
GWRS,2026-03-05
GXAI,-
GYRE,2026-03-16
GYRO,-
HACQU,-
HAFC,2026-04-22
HAIN,2026-05-07
HALO,2026-05-06
HAO,-
HAS,2026-04-23
HAVAR,-
HAVAU,-
HAVA,-
HBANL,-
HBANM,-
HBANP,-
HBANZ,-
HBAN,2026-04-23
HBCP,2026-04-21
HBIO,2026-03-12
HBNB,-
HBNC,2026-04-23
HBT,2026-04-20
HCACR,-
HCACU,-
HCAC,-
HCAI,-
HCAT,2026-02-26
HCHL,-
HCICU,-
HCKT,2026-05-06
HCMAU,-
HCMA,-
HCM,2026-03-05
HCSG,2026-04-22
HCTI,-
HCWB,-
HDL,2026-03-24
HDSN,2026-03-05
HELE,2026-04-23
HELP,2026-02-13
HEPS,2026-02-27
HERE,2026-03-02
HERZ,-
HFBL,-
HFFG,2026-03-13
HFWA,2026-04-23
HGBL,2026-03-13
HHS,2026-03-17
HIFS,2026-04-11
HIHO,-
HIMX,2026-05-07
HIND,-
HITI,2026-03-18
HIT,2026-03-17
HIVE,2026-02-17
HKIT,-
HKPD,-
HLIT,2026-04-28
HLMN,2026-04-28
HLNE,2026-02-03
HLP,-
HLXC,-
HMR,2026-02-27
HNNA,-
HNRG,2026-03-17
HNST,2026-02-26
HNVR,2026-04-23
HOFT,2026-04-16
HOLO,-
HOLX,2026-05-01
HON,2026-04-28
HOOD,2026-04-30
HOPE,2026-04-21
HOTH,-
HOUR,-
HOVNP,-
HOVR,2026-04-14
HOWL,2026-03-10
HPAI,-
HPK,2026-03-17
HQI,2026-03-27
HQY,2026-03-18
HRMY,2026-02-24
HROW,2026-03-03
HRTX,2026-02-26
HRZN,2026-03-04
HSAI,2026-03-10
HSCS,-
HSDT,-
HSIC,2026-02-24
HSPTR,-
HSPTU,-
HSPT,-
HSTM,2026-02-24
HST,2026-04-30
HTBK,2026-04-24
HTCO,-
HTCR,-
HTFL,2026-03-19
HTHT,2026-03-19
HTLD,2026-05-06
HTLM,-
HTOO,-
HTO,2026-02-26
HTZ,2026-02-26
HUBC,-
HUBG,2026-03-03
HUDI,-
HUHU,-
HUIZ,-
HUMA,2026-03-27
HURA,2026-03-27
HURC,2026-03-06
HURN,2026-02-25
HUT,2026-02-25
HVIIR,-
HVIIU,-
HVII,-
HVMCU,-
HVMC,-
HWBK,2026-04-23
HWC,2026-04-15
HWH,-
HWKN,2026-05-14
HXHX,-
HYFM,2026-03-04
HYFT,2026-03-26
HYMC,2026-03-05
HYNE,-
HYPD,2026-04-01
HYPR,2026-03-18
IACOU,-
IAC,2026-05-05
IART,2026-02-26
IAS,2026-02-26
IBACR,-
IBAC,-
IBCP,2026-04-23
IBEX,2026-05-08
IBG,-
IBIO,-
IBKR,2026-04-15
IBOC,2026-02-27
IBRX,2026-03-03
ICCC,2026-03-05
ICCM,2026-03-26
ICFI,2026-02-27
ICG,2026-02-27
ICHR,2026-05-05
ICLR,2026-02-26
ICMB,2026-03-26
ICON,-
ICUI,2026-05-08
ICU,-
IDAI,-
IDCC,2026-04-30
IDN,2026-03-20
IDXX,2026-04-30
IDYA,2026-05-11
IEAGU,-
IEP,2026-02-25
IESC,2026-05-01
IFBD,-
IFRX,2026-03-19
IGACR,-
IGACU,-
IGAC,-
IGIC,2026-02-25
IHRT,2026-03-03
IIIV,2026-05-08
III,2026-03-06
IINN,-
IKT,2026-03-27
ILAG,-
ILMN,2026-05-08
ILPT,2026-04-29
IMA,-
IMCC,-
IMCR,2026-02-25
IMDX,2026-03-25
IMG,-
IMKTA,2026-05-07
IMMP,2026-02-27
IMMR,-
IMMX,-
IMNM,2026-03-20
IMNN,-
IMOS,2026-02-24
IMPPP,-
IMPP,-
IMRN,-
IMRX,2026-03-20
IMSR,-
IMTE,-
IMTX,2026-03-26
IMUX,2026-02-26
IMVT,2026-02-06
IMXI,2026-02-26
INAB,-
INACR,-
INACU,-
INAC,-
INBK,2026-04-23
INBS,-
INBX,2026-03-31
INCR,-
INCY,2026-04-28
INDB,2026-04-24
INDI,2026-05-12
INDP,-
INDV,2026-02-26
INEO,-
INGN,2026-02-25
INHD,-
INKT,2026-03-17
INLF,-
INMB,2026-04-01
INMD,2026-04-28
INM,2026-05-13
INNV,2026-05-06
INOD,2026-02-27
INO,2026-03-19
INSE,2026-03-16
INSG,2026-05-08
INSM,2026-05-07
INTA,2026-05-06
INTC,2026-04-24
INTG,-
INTJ,-
INTR,2026-05-11
INTS,-
INTU,2026-02-27
INTZ,2026-02-27
INVA,2026-02-26
INVE,2026-03-13
INVZ,2026-02-25
INV,2026-04-01
IOBT,-
IONR,-
IONS,2026-02-25
IOSP,2026-05-06
IOTR,-
IOVA,2026-02-24
IPAR,2026-02-25
IPCXR,-
IPCXU,-
IPCX,-
IPDN,-
IPEXR,-
IPEXU,-
IPEX,-
IPGP,2026-05-05
IPHA,2026-03-26
IPM,2026-03-24
IPODU,-
IPOD,-
IPSC,2026-03-19
IPST,-
IPWR,2026-02-26
IPW,2026-05-15
IPX,-
IQST,-
IQ,2026-02-26
IRDM,2026-04-30
IRD,-
IREN,2026-05-14
IRHOR,-
IRHOU,-
IRHO,-
IRIX,2026-03-25
IRMD,2026-05-04
IRON,2026-02-26
IROQ,-
IRTC,2026-05-01
IRWD,2026-02-25
ISBA,-
ISPC,-
ISPR,2026-05-11
ISRG,2026-04-22
ISSC,2026-05-15
ISTR,2026-04-21
ITHAU,-
ITHA,-
ITIC,2026-05-07
ITOC,-
ITRI,2026-04-30
ITRM,2026-02-24
ITRN,2026-03-05
IVA,2026-03-31
IVDA,-
IVF,-
IVVD,2026-03-19
IXHL,-
IZEA,2026-03-27
IZM,-
JACK,2026-05-14
JAGX,2026-04-01
JAKK,2026-04-29
JANX,2026-02-27
JAZZ,2026-02-25
JBDI,-
JBHT,2026-04-15
JBIO,2026-03-27
JBLU,2026-04-28
JBSS,2026-04-30
JCAP,2026-04-01
JCSE,-
JCTC,-
JDZG,-
JD,2026-03-05
JEM,-
JFBR,-
JFB,-
JFIN,2026-03-26
JFU,-
JF,-
JG,-
JJSF,2026-05-05
JKHY,2026-05-06
JLHL,-
JL,-
JMSB,2026-04-22
JOUT,2026-05-01
JOYY,2026-03-19
JRSH,2026-02-09
JRVR,2026-03-03
JSM,-
JSPR,2026-02-26
JTAI,-
JUNS,-
JVA,2026-03-18
JWEL,-
JXG,-
JYD,-
JYNT,2026-03-13
JZXN,-
JZ,-
KALA,-
KALU,2026-04-23
KALV,2026-03-24
KARO,2026-05-14
KAVL,-
KBONU,-
KBON,-
KBSX,-
KCHVR,-
KCHVU,-
KCHV,-
KC,2026-03-25
KDK,2026-03-11
KDP,2026-02-24
KELYA,2026-05-07
KELYB,2026-05-07
KEQU,-
KE,2026-05-06
KFFB,-
KFIIR,-
KFIIU,-
KFII,-
KGEI,2026-03-25
KG,-
KHC,2026-04-28
KIDS,2026-02-27
KIDZ,-
KINS,2026-03-06
KITT,2026-03-31
KLAC,2026-04-30
KLIC,2026-05-08
KLRS,-
KLTO,-
KLTR,2026-03-17
KLXE,2026-03-12
KMB,2026-04-21
KMDA,2026-03-04
KMRK,-
KMTS,2026-03-18
KNDI,2026-04-06
KNSA,2026-02-24
KOD,2026-03-27
KOPN,2026-03-11
KOSS,-
KOYNU,-
KOYN,-
KPLT,2026-03-27
KPRX,-
KPTI,2026-05-11
KRAQU,-
KRKR,-
KRMD,2026-03-12
KRNT,2026-05-13
KRNY,2026-04-23
KROS,2026-02-26
KRRO,2026-03-18
KRT,2026-03-13
KRUS,2026-04-08
KRYS,2026-05-04
KSCP,-
KSPI,2026-03-02
KTCC,2026-05-06
KTOS,2026-02-24
KTTA,-
KTWOU,-
KURA,2026-02-26
KUST,-
KVACU,-
KVAC,-
KVHI,2026-03-05
KWM,-
KXIN,-
KYIV,2026-03-17
KYMR,2026-02-26
KYNB,2026-03-17
KYTX,2026-03-27
KZIA,-
KZR,2026-04-01
LAB,2026-02-25
LAES,2026-03-20
LAFAR,-
LAFAU,-
LAFA,-
LAKE,2026-04-09
LAMR,2026-05-07
LANDO,-
LANDP,-
LAND,2026-02-25
LARK,2026-04-30
LASE,-
LASR,2026-02-27
LATAU,-
LATA,-
LAUR,2026-04-30
LAWR,-
LAZR,2026-03-05
LBGJ,-
LBRDA,2026-05-07
LBRDK,2026-05-07
LBRDP,-
LBRX,-
LBTYA,2026-04-30
LBTYB,2026-04-30
LBTYK,2026-04-30
LCCCR,-
LCCCU,-
LCCC,-
LCFY,-
LCID,2026-02-25
LCNB,2026-04-23
LCUT,2026-03-12
LECO,2026-04-30
LEDS,-
LEE,2026-05-07
LEGH,2026-03-11
LEGN,2026-03-10
LENZ,2026-03-18
LESL,2026-05-08
LEXX,-
LE,2026-03-19
LFACU,-
LFAC,-
LFCR,2026-02-24
LFMDP,-
LFMD,2026-03-11
LFST,2026-02-25
LFS,-
LFUS,2026-04-28
LFVN,2026-05-13
LFWD,2026-03-05
LGCB,-
LGCL,2026-03-31
LGHL,-
LGIH,2026-04-28
LGND,2026-02-26
LGN,2026-03-27
LGO,2026-03-27
LGVN,2026-02-27
LHAI,-
LHSW,2026-02-24
LICN,-
LIDR,2026-02-27
LIEN,2026-03-31
LIFE,-
LIF,2026-03-03
LILAK,2026-05-07
LILA,2026-05-07
LIMN,-
LINC,2026-02-23
LIND,2026-02-26
LINE,2026-02-25
LINK,-
LIN,2026-04-30
LIQT,-
LITE,2026-05-06
LITM,-
LITS,2026-05-15
LIVE,2026-05-14
LIVN,2026-02-25
LIXT,-
LI,2026-02-26
LKFN,2026-04-24
LKQ,2026-04-30
LKSPR,-
LKSPU,-
LKSP,-
LLYVA,2026-02-26
LLYVK,2026-02-26
LMAT,2026-02-26
LMB,2026-03-03
LMFA,-
LMNR,2026-03-13
LMRI,-
LNAI,2026-05-15
LNKB,2026-04-28
LNKS,-
LNSR,2026-02-26
LNTH,2026-02-26
LNT,2026-05-08
LNW,2026-02-25
LNZA,2026-02-27
LOAN,-
LOBO,-
LOCO,2026-03-06
LOGI,2026-04-29
LOKVU,-
LOKV,-
LONA,2026-03-06
LOOP,2026-01-15
LOPE,2026-05-06
LOT,2026-03-26
LOVE,2026-04-09
LPAAU,-
LPAA,-
LPBBU,-
LPBB,-
LPCN,-
LPCVU,-
LPCV,-
LPLA,2026-05-08
LPRO,2026-03-13
LPSN,2026-03-05
LPTH,2026-05-15
LQDA,2026-02-26
LQDT,2026-05-07
LRCX,2026-04-23
LRE,-
LRHC,-
LRMR,2026-03-30
LSAK,2026-05-07
LSBK,2026-04-29
LSCC,2026-05-05
LSE,-
LSH,-
LSTA,2026-02-27
LSTR,2026-04-29
LTBR,2026-02-26
LTRN,2026-03-27
LTRX,2026-05-08
LUCD,2026-03-23
LUCY,-
LULU,2026-03-27
LUNG,2026-03-05
LUNR,2026-03-23
LVLU,2026-03-26
LVO,2026-02-12
LVRO,-
LWACU,-
LWAC,-
LWAY,2026-03-31
LWLG,2026-03-05
LXEH,-
LXEO,2026-03-23
LXRX,2026-03-05
LX,2026-03-18
LYEL,2026-03-12
LYFT,2026-05-08
LYRA,-
LYTS,2026-04-23
LZMH,-
LZ,2026-05-07
MAAS,-
MACIU,-
MACI,-
MAGH,-
MAMA,2026-04-08
MAMK,-
MAMO,2026-03-27
MANH,2026-04-22
MAPS,2026-03-13
MARA,2026-02-27
MARPS,-
MAR,2026-05-05
MASI,2026-02-27
MASK,-
MASS,2026-03-03
MATH,-
MATW,2026-05-01
MAT,2026-05-12
MAXN,2026-02-28
MAYS,-
MAZE,2026-03-06
MBAI,-
MBAVU,-
MBAV,-
MBBC,-
MBCN,2026-04-24
MBINL,-
MBINM,-
MBINN,-
MBIN,2026-04-28
MBIO,-
MBLY,2026-04-23
MBNKO,-
MBOT,-
MBRX,-
MBUU,2026-05-07
MBVIU,-
MBVI,-
MBWM,2026-04-21
MBX,2026-03-16
MB,-
MCBS,2026-04-17
MCFT,2026-05-06
MCGAU,-
MCGA,-
MCHB,2026-04-27
MCHPP,-
MCHP,2026-05-08
MCHX,2026-03-06
MCRB,2026-03-12
MCRI,2026-04-22
MCTA,-
MCW,2026-04-29
MDAI,2026-03-27
MDBH,-
MDB,2026-03-03
MDCX,-
MDGL,2026-04-30
MDIA,-
MDLN,2026-02-25
MDLZ,2026-04-29
MDRR,-
MDWD,2026-03-05
MDXG,2026-02-26
MDXH,2026-02-27
MEDP,2026-04-21
MEGL,-
MEHA,-
MELI,2026-02-25
MENS,-
MEOH,2026-03-06
MERC,2026-05-01
MESHU,-
MESH,-
MESO,2026-02-27
META,2026-04-30
METCB,-
METCI,-
METCZ,-
METC,2026-02-26
MEVOU,-
MEVO,-
MFIC,2026-02-27
MFIN,2026-04-30
MFI,-
MGEE,2026-02-25
MGIC,2026-03-10
MGIH,-
MGNI,2026-02-26
MGNX,2026-03-20
MGN,-
MGPI,2026-02-25
MGRC,2026-02-26
MGRT,-
MGRX,-
MGTX,2026-03-12
MGX,-
MGYR,-
MIDD,2026-02-26
MIGI,-
MIMI,-
MIND,2026-04-22
MIRA,-
MIRM,2026-02-26
MIST,2026-03-12
MITK,2026-05-08
MKDW,-
MKLYR,-
MKLYU,-
MKLY,-
MKSI,2026-05-07
MKTW,2026-03-06
MKTX,2026-05-06
MKZR,-
MLAAU,-
MLAB,2026-02-03
MLACR,-
MLACU,-
MLAC,-
MLCI,2026-03-13
MLCO,2026-04-30
MLEC,-
MLGO,-
MLKN,2026-03-26
MLTX,2026-02-26
MLYS,2026-02-27
MMLP,2026-04-23
MMSI,2026-02-25
MMTXU,-
MMTX,-
MMYT,2026-05-13
MNDO,2026-03-10
MNDR,-
MNDY,2026-05-11
MNKD,2026-02-26
MNOV,2026-05-13
MNPR,2026-03-24
MNRO,2026-01-28
MNSBP,-
MNSB,2026-03-13
MNST,2026-02-27
MNTK,2026-03-13
MNTS,-
MNY,2026-04-29
MOBX,2025-12-19
MOB,-
MODD,-
MOLN,2026-03-13
MOMO,2026-03-18
MORN,2026-04-30
MOVE,-
MPAA,2026-02-09
MPB,2026-04-23
MPLT,2026-03-12
MPWR,2026-05-01
MQ,2026-02-25
MRAM,2026-03-05
MRBK,2026-04-25
MRCC,2026-03-03
MRCY,2026-05-06
MREO,2026-03-26
MRKR,-
MRM,-
MRNA,2026-04-30
MRNO,-
MRTN,2026-04-23
MRVI,2026-02-26
MRVL,2026-03-06
MRX,2026-03-03
MSAI,-
MSBIP,-
MSBI,2026-04-30
MSEX,2026-05-01
MSFT,2026-04-30
MSGM,2026-03-20
MSGY,-
MSLE,2026-03-25
MSS,-
MSTR,2026-05-01
MSW,-
MTCH,2026-05-06
MTC,-
MTEK,-
MTEN,-
MTEX,-
MTLS,2026-04-29
MTRX,2026-05-07
MTSI,2026-05-07
MTVA,-
MUZEU,-
MU,2026-03-19
MVBF,2026-04-30
MVIS,2026-02-26
MVST,2026-03-17
MWH,-
MWYN,-
MXCT,2026-03-18
MXL,2026-04-23
MYFW,2026-04-24
MYGN,2026-02-24
MYNZ,-
MYPS,2026-03-10
MYRG,2026-02-26
MYSE,-
MYSZ,-
MZTI,2026-04-29
NAAS,-
NAGE,2026-03-05
NAII,-
NAKA,2026-02-24
NAMI,-
NAMM,-
NAMS,2026-05-07
NATH,2026-02-05
NATR,2026-03-11
NAUT,2026-02-26
NAVI,2026-04-29
NAVN,2026-04-07
NA,2026-03-13
NBBK,2026-04-23
NBIS,2026-04-29
NBIX,2026-05-05
NBN,2026-04-24
NBP,2026-03-26
NBRGU,-
NBTB,2026-04-24
NBTX,2026-04-01
NB,2026-05-08
NCEL,-
NCEW,-
NCI,-
NCMI,2026-02-27
NCNA,-
NCNO,2026-04-01
NCPL,-
NCRA,-
NCSM,2026-03-10
NCTY,-
NCT,2026-02-24
NDAQ,2026-04-23
NDLS,2026-03-13
NDRA,-
NDSN,2026-02-19
NECB,2026-04-22
NEGG,2026-04-23
NEOG,2026-04-08
NEON,2026-03-18
NEOV,2026-05-08
NEO,2026-04-28
NEPH,2026-03-13
NERV,-
NESR,2026-05-06
NEUP,-
NEWTG,-
NEWTH,-
NEWTO,-
NEWTP,-
NEWT,2026-04-29
NEXM,2026-02-24
NEXN,2026-03-04
NEXT,2026-03-02
NFBK,2026-04-22
NFE,2026-02-27
NFLX,2026-04-17
NGEN,2026-04-02
NGNE,2026-03-24
NHICU,-
NHIC,-
NHPAP,-
NHPBP,-
NHTC,2026-05-06
NICE,2026-05-14
NIPG,-
NITO,-
NIU,2026-03-16
NIVF,-
NIXX,-
NKLR,2026-03-23
NKSH,2026-04-24
NKTR,2026-03-12
NKTX,2026-04-01
NMFC,2026-02-25
NMIH,2026-04-29
NMPAR,-
NMPAU,-
NMP,-
NMRA,2026-03-03
NMRK,2026-02-25
NMTC,2026-05-12
NNBR,2026-03-05
NNDM,2026-03-20
NNE,2026-05-15
NNNN,-
NNOX,2026-03-31
NN,2026-03-11
NODK,2026-03-07
NOEMR,-
NOEMU,-
NOEM,-
NOMA,-
NOTV,2026-05-06
NOVTU,-
NOVT,2026-02-24
NPACU,-
NPAC,-
NPCE,2026-03-04
NPT,-
NRC,2026-04-27
NRDS,2026-02-26
NRIM,2026-04-29
NRIX,2026-04-09
NRSN,-
NRXP,2026-03-18
NSIT,2026-04-30
NSPR,2026-03-11
NSSC,2026-05-04
NSTS,-
NSYS,-
NTAP,2026-02-27
NTCL,-
NTCT,2026-05-07
NTES,2026-05-14
NTGR,2026-04-30
NTHI,2026-03-26
NTIC,2026-04-09
NTLA,2026-02-26
NTNX,2026-02-26
NTRA,2026-02-27
NTRB,-
NTRP,2026-01-15
NTRSO,-
NTRS,2026-04-21
NTSK,2026-03-12
NTWK,2026-05-14
NTWOU,-
NTWO,-
NUAI,-
NUTR,-
NUTX,2026-04-01
NUVL,2026-02-26
NUWE,2026-03-10
NVAX,2026-02-26
NVA,-
NVCR,2026-02-26
NVCT,2026-05-05
NVDA,2026-02-26
NVEC,2026-05-07
NVMI,2026-05-07
NVNI,-
NVNO,-
NVTS,2026-02-25
NVVE,2026-04-01
NVX,-
NWBI,2026-04-28
NWE,2026-04-29
NWFL,2026-04-23
NWGL,-
NWL,2026-05-06
NWPX,2026-02-26
NWSA,2026-05-08
NWS,2026-05-08
NWTG,-
NXGL,2026-03-24
NXL,-
NXPI,2026-04-28
NXPL,-
NXST,2026-02-26
NXTC,-
NXTT,-
NXT,2026-05-14
NXXT,2026-03-27
NYAX,2026-03-10
NYXH,2026-03-20
OABI,2026-03-05
OACCU,-
OACC,-
OAKUR,-
OAKUU,-
OAKU,-
OBAI,-
OBAWU,-
OBA,-
OBIO,-
OBTC,-
OBT,2026-04-30
OCCIM,-
OCCIN,-
OCCIO,-
OCCI,-
OCC,2026-03-10
OCFC,2026-04-24
OCGN,2026-03-04
OCG,-
OCSL,2026-04-30
OCS,2026-03-04
OCUL,2026-05-05
ODD,2026-02-25
ODFL,2026-04-22
ODYS,-
OESX,2026-02-05
OFAL,-
OFIX,2026-02-24
OFLX,2026-03-05
OFS,2026-03-03
OGI,2026-05-13
OIMAU,-
OKTA,2026-03-05
OKUR,-
OKYO,-
OLB,-
OLED,2026-05-01
OLLI,2026-03-18
OLMA,2026-03-24
OLOX,-
OLPX,2026-03-10
OMAB,2026-02-23
OMCL,2026-05-07
OMDA,2026-03-06
OMER,2026-04-01
OMEX,2026-03-31
OMH,2026-04-30
OMSE,-
OM,2026-05-07
ONBPO,-
ONBPP,-
ONB,2026-04-21
ONCHU,-
ONCH,-
ONCO,-
ONCY,2026-03-06
ONC,2026-02-26
ONDS,2026-03-12
ONEG,-
ONEW,2026-04-30
ONFO,-
ONMD,-
ON,2026-05-04
OPAL,2026-03-13
OPBK,2026-04-24
OPCH,2026-02-24
OPEN,2026-05-08
OPK,2026-02-27
OPRA,2026-02-26
OPRT,2026-02-27
OPRX,2026-03-06
OPTX,-
OPXS,-
ORBS,-
ORGN,2026-03-13
ORGO,2026-02-27
ORIC,2026-02-24
ORIO,2026-03-19
ORIQU,-
ORIQ,-
ORIS,-
ORKA,2026-03-06
ORKT,-
ORLY,2026-04-23
ORMP,2026-04-01
ORRF,2026-04-22
OSBC,2026-04-23
OSIS,2026-05-01
OSPN,2026-02-27
OSRH,-
OSS,2026-03-18
OST,-
OSUR,2026-02-26
OSW,2026-04-29
OS,2026-02-27
OTEX,2026-05-01
OTGAU,-
OTGA,-
OTLK,2026-05-14
OTLY,2026-04-29
OTTR,2026-05-05
OUST,2026-03-03
OVBC,2026-04-24
OVID,2026-03-10
OVLY,2026-04-18
OWLS,2026-05-01
OXBR,2026-03-26
OXLCN,-
OXLCO,-
OXLCP,-
OXLC,-
OXSQ,2026-02-26
OYSER,-
OYSEU,-
OYSE,-
OZKAP,-
OZK,2026-04-16
PAACU,-
PAA,2026-05-08
PACB,2026-05-08
PACHU,-
PACH,-
PAGP,2026-05-08
PAHC,2026-05-07
PALI,-
PALOU,-
PAL,2026-05-08
PAMT,-
PANL,2026-03-13
PANW,2026-05-21
PARK,-
PASG,2026-03-04
PASW,-
PATK,2026-04-30
PAVM,2026-03-24
PAVS,-
PAX,2026-04-30
PAYO,2026-02-26
PAYS,2026-03-25
PAYX,2026-03-26
PBFS,2026-04-30
PBHC,-
PBM,-
PBYI,2026-02-27
PCAPU,-
PCAP,-
PCAR,2026-04-28
PCB,2026-04-24
PCLA,-
PCRX,2026-02-27
PCSA,-
PCSC,-
PCTTU,-
PCTY,2026-05-01
PCT,2026-02-27
PCVX,2026-02-25
PCYO,2026-04-09
PC,-
PDC,-
PDD,2026-03-19
PDEX,2026-04-30
PDFS,2026-05-08
PDLB,2026-04-25
PDSB,2026-03-26
PDYN,2026-03-05
PEBK,2026-04-20
PEBO,2026-04-21
PECO,2026-04-24
PEGA,2026-04-22
PELIR,-
PELIU,-
PELI,-
PENG,2026-04-02
PENN,2026-02-26
PEPG,2026-03-02
PEP,2026-04-23
PERI,2026-05-13
PESI,2026-03-12
PETS,-
PETZ,-
PFAI,-
PFBC,2026-04-24
PFG,2026-04-24
PFIS,2026-05-01
PFSA,-
PFX,2025-12-17
PGACR,-
PGACU,-
PGAC,-
PGC,2026-04-22
PGEN,2026-03-20
PGNY,2026-02-27
PGY,2026-05-07
PHAR,-
PHAT,2026-02-26
PHIO,-
PHOE,-
PHUN,2026-03-20
PHVS,2026-04-06
PICS,-
PIII,2026-03-27
PI,2026-04-30
PKBK,2026-04-17
PKOH,2026-03-05
PLAB,2026-02-25
PLAY,2026-04-02
PLBC,2026-04-22
PLBL,-
PLBY,2026-03-13
PLCE,2026-04-10
PLMKU,-
PLMK,-
PLMR,2026-05-05
PLPC,2026-03-13
PLRX,2026-03-10
PLRZ,-
PLSE,2026-05-08
PLSM,-
PLTK,2026-02-26
PLTR,2026-05-05
PLTS,-
PLUG,2026-03-03
PLUR,-
PLUS,2026-02-05
PLUT,-
PLXS,2026-04-30
PLYX,-
PMAX,-
PMCB,-
PMEC,-
PMN,-
PMTRU,-
PMTR,-
PMTS,2026-03-05
PMVP,2026-03-02
PNBK,2026-04-01
PNRG,2026-04-01
PNTG,2026-02-26
PN,-
POCI,2026-05-15
PODC,2026-02-12
PODD,2026-05-07
POET,2026-04-01
POLA,-
POLEU,-
POLE,-
POM,-
PONY,2026-03-24
POOL,2026-04-23
POWI,2026-05-12
POWL,2026-05-06
POWWP,-
POWW,2026-02-09
PPBT,-
PPCB,-
PPC,2026-04-30
PPHC,-
PPIH,2026-04-30
PPSI,2026-04-01
PPTA,2026-03-20
PRAA,2026-02-27
PRAX,2026-04-30
PRCH,2026-05-06
PRCT,2026-02-25
PRDO,2026-05-01
PRE,2026-05-12
PRFX,-
PRGS,2026-03-31
PRHIZ,-
PRHI,-
PRLD,2026-03-17
PRME,2026-02-27
PROF,2026-03-06
PROK,2026-03-25
PROP,2026-03-27
PROV,2026-04-27
PRPL,2026-03-13
PRPO,-
PRQR,2026-03-12
PRSO,2026-03-17
PRTA,2026-05-08
PRTC,2026-04-30
PRTH,2026-03-05
PRTS,2026-03-06
PRVA,2026-02-26
PRZO,-
PSEC,2026-05-08
PSHG,-
PSIG,-
PSIX,2026-03-24
PSKY,2026-02-26
PSMT,2026-04-09
PSNL,2026-02-27
PSNYW,-
PSNY,2026-04-30
PSTV,2026-03-05
PTCT,2026-05-08
PTC,2026-04-30
PTEN,2026-04-23
PTGX,2026-02-24
PTLE,-
PTLO,2026-02-24
PTNM,-
PTON,2026-05-07
PTORU,-
PTRN,2026-03-06
PUBM,2026-02-27
PULM,-
PURR,2026-05-06
PVLA,2026-03-31
PWP,2026-05-01
PXLW,2026-03-13
PXS,2026-03-13
PYPD,2026-05-13
PYPL,2026-05-05
PYXS,2026-03-18
PZZA,2026-02-26
QCLS,-
QCOM,2026-04-30
QCRH,2026-04-22
QDEL,2026-05-07
QETAR,-
QETAU,-
QETA,-
QFIN,2026-03-17
QH,-
QIPT,2026-05-11
QLYS,2026-05-06
QMCO,2026-02-18
QMMM,-
QNCX,2026-03-24
QNRX,-
QNST,2026-05-07
QNTM,-
QQQX,-
QRHC,2026-03-13
QRVO,2026-04-29
QSEAR,-
QSEAU,-
QSEA,-
QSI,2026-03-04
QS,2026-04-23
QTI,2026-05-15
QTRX,2026-03-03
QTTB,-
QUBT,2026-03-20
QUIK,2026-03-04
QUMSR,-
QUMSU,-
QUMS,-
QURE,2026-02-26
QVCGA,2026-02-26
QVCGP,-
RAAQU,-
RAAQ,-
RADX,-
RAIL,2026-03-11
RAIN,-
RAND,2026-03-05
RANGR,-
RANGU,-
RANG,-
RANI,2026-04-01
RAPP,2026-03-10
RAPT,2026-03-05
RARE,2026-05-06
RAVE,-
RAYA,-
RAY,-
RBBN,2026-04-29
RBB,2026-04-28
RBCAA,2026-05-01
RBKB,-
RBNE,-
RCAT,2026-03-19
RCEL,2026-05-08
RCKT,2026-02-27
RCKY,2026-02-25
RCMT,2026-03-12
RCON,-
RCT,2026-05-02
RDACR,-
RDACU,-
RDAC,-
RDAGU,-
RDAG,-
RDCM,2026-05-13
RDGT,-
RDHL,-
RDIB,-
RDI,-
RDNT,2026-03-02
RDNW,2026-03-12
RDVT,2026-03-05
RDWR,2026-05-06
RDZN,-
REAL,2026-02-27
REAX,2026-03-04
REBN,-
RECT,-
REE,2026-05-01
REFI,2026-03-12
REFR,2026-03-06
REGCO,-
REGCP,-
REGN,2026-04-29
REG,2026-04-30
REKR,2026-04-01
RELL,2026-04-09
RELY,2026-05-07
RENT,2026-04-21
RENX,-
REPL,2026-02-03
RETO,-
REVB,2026-03-06
REYN,2026-04-29
RFAIR,-
RFAIU,-
RFAI,-
RFAMU,-
RFIL,2026-03-17
RGCO,2026-05-07
RGC,-
RGEN,2026-02-24
RGLD,2026-05-07
RGNX,2026-03-12
RGP,2026-04-09
RGS,2026-05-12
RGTI,2026-03-05
RIBBR,-
RIBBU,-
RIBB,-
RICK,2026-02-11
RIGL,2026-03-04
RILYG,-
RILYK,-
RILYL,-
RILYN,-
RILYP,-
RILYT,-
RILYZ,-
RILY,2026-03-17
RIME,-
RIOT,2026-03-03
RITR,-
RIVN,2026-05-06
RJET,2026-02-24
RKDA,2026-03-20
RKLB,2026-02-27
RLAY,2026-02-27
RLMD,2026-03-27
RLYB,-
RMBI,2026-04-24
RMBS,2026-04-28
RMCF,2026-01-14
RMCO,-
RMNI,2026-05-01
RMR,2026-05-07
RMSG,-
RMTI,2026-03-26
RNAC,2026-03-12
RNAZ,-
RNA,2026-03-03
RNGTU,-
RNGT,-
RNTX,-
RNW,2026-02-16
RNXT,-
ROAD,2026-05-08
ROCK,2026-02-26
ROC,-
ROIV,2026-02-06
ROKU,2026-05-01
ROMA,-
ROOT,2026-02-26
ROP,2026-04-28
ROST,2026-03-04
RPAY,2026-03-03
RPD,2026-05-12
RPGL,-
RPID,2026-03-06
RPRX,2026-05-07
RRBI,2026-04-30
RRGB,2026-02-26
RRR,2026-05-01
RR,2026-05-12
RSSS,2026-05-08
RSVR,2026-02-04
RTACU,-
RTAC,-
RUBI,-
RUM,2026-03-26
RUN,2026-02-27
RUSHA,2026-04-30
RUSHB,2026-04-30
RVMD,2026-02-26
RVPH,2026-03-31
RVSB,2026-04-29
RVSN,-
RVYL,-
RWAY,2026-03-13
RXRX,2026-02-25
RXST,2026-02-26
RXT,2026-02-26
RYAAY,2026-01-26
RYET,-
RYM,-
RYOJ,-
RYTM,2026-02-26
RZLT,2026-05-13
RZLV,2026-04-23
SAAQU,-
SABR,2026-05-07
SABS,-
SAFT,2026-02-26
SAFX,-
SAGT,-
SAIA,2026-04-24
SAIC,2026-03-16
SAIH,-
SAIL,2026-03-18
SAMG,2026-03-06
SANA,2026-03-17
SANG,2026-05-08
SANM,2026-04-28
SATA,-
SATL,2026-04-01
SATS,2026-02-26
SAVA,2026-03-09
SBAC,2026-02-27
SBCF,2026-04-24
SBC,2026-03-27
SBET,2026-03-13
SBFG,2026-05-08
SBFM,-
SBGI,2026-02-26
SBLK,2026-02-26
SBLX,-
SBRA,2026-05-05
SBUX,2026-04-28
SCAG,-
SCHL,2026-03-20
SCIIR,-
SCIIU,-
SCII,-
SCKT,2026-04-24
SCLX,2026-03-13
SCNI,-
SCNX,-
SCOR,2026-03-04
SCPQU,-
SCPQ,-
SCSC,2026-05-07
SCVL,2026-03-19
SCWO,2026-03-27
SCYX,2026-03-19
SCZM,2026-05-01
SDA,-
SDGR,2026-02-26
SDHIR,-
SDHIU,-
SDHI,-
SDM,-
SDOT,-
SDST,2026-03-27
SEAT,2026-03-10
SEDG,2026-05-05
SEED,-
SEER,2026-02-27
SEGG,-
SEIC,2026-04-23
SELF,-
SELX,-
SENEA,2026-02-06
SENEB,-
SENS,2026-03-03
SEPN,2026-03-26
SERA,2026-03-19
SERV,2026-03-06
SEVN,2026-04-28
SEV,2026-03-31
SEZL,2026-02-26
SFBC,2026-04-29
SFD,2026-03-24
SFHG,-
SFIX,2026-03-12
SFM,2026-04-30
SFNC,2026-04-16
SFST,2026-04-21
SFWL,-
SGA,2026-03-10
SGC,2026-03-04
SGHT,2026-03-05
SGLY,-
SGML,2026-03-31
SGMO,2026-03-16
SGMT,2026-03-11
SGP,-
SGRP,-
SGRY,2026-03-02
SHAZ,-
SHBI,2026-05-01
SHC,2026-02-24
SHEN,2026-02-26
SHFS,-
SHIM,2026-03-13
SHIP,2026-02-17
SHLS,2026-02-24
SHMD,-
SHOO,2026-02-25
SHOP,2026-05-07
SHPH,-
SIBN,2026-02-24
SIDU,2026-04-01
SIEB,-
SIFY,2026-04-17
SIGA,2026-03-11
SIGIP,-
SIGI,2026-04-30
SILC,2026-04-30
SILO,-
SIMAU,-
SIMA,-
SIMO,2026-04-30
SINT,-
SION,2026-03-19
SIRI,2026-05-07
SITM,2026-05-07
SJ,-
SKBL,-
SKIN,2026-03-12
SKK,-
SKWD,2026-02-24
SKYE,2026-03-20
SKYQ,-
SKYT,2026-02-26
SKYW,2026-04-24
SKYX,2026-03-24
SLAB,2026-05-12
SLDB,2026-03-06
SLDE,2026-02-25
SLDP,2026-02-25
SLE,2026-03-27
SLGB,-
SLGL,2026-05-01
SLMBP,-
SLMT,-
SLM,2026-04-24
SLNG,2026-03-05
SLNHP,-
SLNH,-
SLNO,2026-02-26
SLN,2026-02-26
SLP,2026-04-03
SLRC,2026-02-25
SLSN,2026-03-27
SLS,2026-03-20
SLXN,-
SMBC,2026-04-21
SMCI,2026-05-06
SMID,2026-04-01
SMMT,2026-02-24
SMPL,2026-04-08
SMSI,2026-03-11
SMTC,2026-03-13
SMTI,2026-03-24
SMTK,-
SMXT,-
SMX,-
SNAL,2026-04-01
SNBR,2026-03-11
SNCY,2026-05-01
SNDK,2026-05-07
SNDL,2026-03-12
SNDX,2026-02-27
SND,2026-03-02
SNES,2026-03-12
SNEX,2026-05-07
SNFCA,2026-03-31
SNGX,-
SNOA,-
SNPS,2026-02-26
SNSE,-
SNTG,-
SNTI,-
SNT,2026-04-24
SNWV,2026-03-20
SNYR,2026-03-31
SNY,2026-04-23
SOBR,-
SOCAU,-
SOCA,-
SOFI,2026-04-28
SOGP,-
SOHOB,-
SOHON,-
SOHOO,-
SOHU,2026-02-09
SOLS,2026-05-07
SONM,-
SONO,2026-05-07
SOPA,-
SOPH,2026-03-03
SORA,-
SORNU,-
SOTK,2026-01-13
SOUN,2026-02-27
SOWG,2026-03-19
SPAI,-
SPCB,2026-03-26
SPEGR,-
SPEGU,-
SPEG,-
SPFI,2026-04-24
SPHL,-
SPKLU,-
SPKL,-
SPOK,2026-02-26
SPPL,-
SPRB,-
SPRC,-
SPRO,2026-03-27
SPRY,2026-03-19
SPSC,2026-05-01
SPT,2026-02-27
SPWH,2026-04-01
SPWR,2026-03-30
SQFTP,-
SQFT,-
SRAD,2026-03-03
SRBK,2026-04-30
SRCE,2026-04-24
SRPT,2026-02-26
SRRK,2026-03-03
SRTA,2026-03-03
SRTS,2026-05-15
SRZN,-
SSACU,-
SSBI,-
SSEAR,-
SSEAU,-
SSEA,-
SSII,2026-02-26
SSM,-
SSNC,2026-04-24
SSP,2026-02-26
SSRM,2026-05-06
SSSS,2026-03-11
SSTI,2026-03-04
SSYS,2026-03-05
STAA,2026-02-26
STAK,-
STBA,2026-04-23
STEP,2026-02-06
STEX,-
STFS,-
STGW,2026-03-10
STHO,2026-05-12
STIM,2026-03-17
STI,-
STKE,-
STKH,-
STKL,2026-02-26
STKS,2026-03-11
STLD,2026-04-22
STNE,2026-03-03
STOK,2026-03-25
STRA,2026-02-27
STRC,2026-03-05
STRD,-
STRF,-
STRK,-
STRL,2026-02-26
STRO,-
STRRP,-
STRR,2026-03-12
STRS,2026-03-26
STRT,2026-05-08
STRZ,2026-02-27
STSS,-
STTK,2026-03-27
STX,2026-05-06
SUGP,-
SUIG,2026-02-27
SUNE,2026-03-31
SUNS,2026-03-12
SUPN,2026-02-25
SUPX,-
SURG,2026-03-24
SUUN,2026-05-15
SVACU,-
SVAC,-
SVAQU,-
SVAQ,-
SVA,-
SVCCU,-
SVCC,-
SVCO,2026-03-05
SVC,2026-02-26
SVIVU,-
SVRA,2026-04-01
SVRE,-
SVRN,-
SWAG,-
SWBI,2026-03-06
SWIM,2026-03-04
SWKHL,-
SWKH,2026-03-06
SWKS,2026-05-13
SWVL,-
SXTC,-
SXTP,-
SYBT,2026-04-30
SYM,2026-05-05
SYNA,2026-05-08
SYPR,2026-03-27
SYRE,2026-05-08
SY,2026-03-27
SZZLR,-
SZZLU,-
SZZL,-
TACHU,-
TACH,-
TACOU,-
TACO,-
TACT,2026-03-13
TALK,2026-05-05
TANH,-
TAOP,-
TAOX,-
TARA,2026-03-05
TARS,2026-02-24
TASK,2026-02-26
TATT,2026-03-26
TAVIR,-
TAVIU,-
TAVI,-
TAYD,-
TBBK,2026-04-24
TBCH,2026-03-13
TBHC,2026-03-18
TBH,-
TBLA,2026-02-25
TBLD,-
TBMCR,-
TBMC,-
TBPH,2026-02-27
TBRG,2026-03-10
TCBIO,-
TCBI,2026-04-16
TCBK,2026-04-23
TCBS,-
TCMD,2026-05-05
TCOM,2026-02-26
TCPC,2026-02-27
TCRT,-
TCRX,-
TCX,2026-05-08
TC,-
TDACU,-
TDAC,-
TDIC,-
TDTH,-
TDUP,2026-03-03
TDWDR,-
TDWDU,-
TDWD,-
TEAD,2026-03-05
TEAM,2026-05-01
TECH,2026-05-06
TECX,2026-03-20
TELA,2026-03-27
TELO,-
TEM,2026-02-25
TENB,2026-04-30
TENX,-
TERN,2026-03-20
TER,2026-04-30
TFSL,2026-05-01
TGHL,-
TGL,2026-02-28
TGTX,2026-03-02
THCH,2026-04-07
THFF,2026-04-22
THH,-
THRM,2026-04-23
THRY,2026-02-26
TH,2026-03-16
TIGO,2026-02-26
TIGR,2026-03-18
TILE,2026-02-24
TIL,2026-03-04
TIPT,2026-02-25
TIRX,-
TITN,2026-03-19
TIVC,-
TJGC,-
TKLF,-
TKNO,2026-02-27
TLF,-
TLIH,2026-03-31
TLNCU,-
TLNC,-
TLN,2026-02-27
TLPH,2026-03-05
TLRY,2026-04-09
TLSA,-
TLSI,2026-03-27
TLS,2026-03-09
TLX,-
TMCI,2026-02-27
TMC,2026-03-27
TMDX,2026-02-25
TMTSU,-
TMUSI,-
TMUSL,-
TMUSZ,-
TMUS,2026-04-23
TNDM,2026-04-30
TNGX,2026-03-05
TNMG,-
TNON,2026-03-20
TNXP,2026-03-18
TNYA,2026-03-17
TOI,2026-03-24
TOMZ,-
TONX,2026-03-25
TOP,-
TORO,2026-02-12
TOUR,2026-03-05
TOWN,2026-04-23
TOYO,2026-03-26
TPCS,-
TPG,2026-05-06
TPST,2026-03-26
TRAW,-
TRDA,2026-02-26
TREE,2026-03-03
TRIB,-
TRIN,2026-02-25
TRIP,2026-05-06
TRI,2026-04-30
TRMB,2026-05-06
TRMD,2026-02-26
TRMK,2026-04-22
TRNR,-
TRNS,2026-02-04
TRON,-
TROO,-
TROW,2026-05-01
TRSG,-
TRST,2026-04-21
TRS,2026-02-26
TRUG,-
TRUP,2026-05-01
TRVG,2026-04-29
TRVI,2026-03-18
TSAT,2026-03-26
TSBK,2026-04-22
TSCO,2026-04-23
TSEM,2026-05-13
TSHA,2026-02-25
TSLA,2026-04-22
TSSI,2026-03-27
TTAN,2026-03-13
TTD,2026-02-26
TTEC,2026-02-27
TTEK,2026-05-07
TTGT,2026-03-12
TTMI,2026-04-30
TTRX,2026-03-26
TTWO,2026-05-15
TULP,-
TURB,-
TUSK,2026-03-06
TVACU,-
TVAIR,-
TVAIU,-
TVAI,-
TVA,-
TVGN,2026-04-01
TVRD,2026-03-12
TVTX,2026-05-01
TWAV,-
TWFG,2026-02-26
TWG,-
TWIN,2026-05-06
TWLVR,-
TWLVU,-
TWLV,-
TWST,2026-05-04
TW,2026-04-29
TXG,2026-05-08
TXMD,-
TXN,2026-04-29
TXRH,2026-05-08
TYGO,2026-02-25
TYRA,2026-03-27
TZOO,2026-04-28
UAL,2026-04-15
UBCP,2026-02-06
UBFO,2026-04-17
UBSI,2026-04-23
UBXG,-
UCAR,-
UCFI,-
UCL,-
UCTT,2026-02-24
UDMY,2026-04-30
UEIC,2026-02-27
UFCS,2026-05-06
UFG,2026-04-22
UFPI,2026-02-24
UFPT,2026-02-25
UGRO,-
UG,-
UHG,2026-03-11
UK,-
ULBI,2026-02-24
ULCC,2026-04-30
ULH,2026-02-25
ULTA,2026-03-13
ULY,2026-03-12
UMBFO,-
UMBF,2026-04-29
UNB,2026-04-23
UNCY,-
UNIT,2026-03-02
UNTY,2026-04-10
UOKA,-
UONEK,-
UONE,-
UPBD,2026-04-30
UPB,2026-03-11
UPC,-
UPLD,2026-03-12
UPST,2026-05-06
UPWK,2026-05-07
UPXI,2026-05-15
URBN,2026-02-26
URGN,2026-03-10
UROY,2026-03-06
USAR,2026-03-31
USAU,2026-03-13
USCB,2026-04-24
USEA,2026-02-25
USEG,-
USGO,2026-04-01
USIO,2026-04-01
USLM,2026-04-30
UTHR,2026-02-25
UTMD,2026-04-28
UTSI,-
UVSP,2026-04-30
UXIN,2026-04-30
UYSCR,-
UYSCU,-
UYSC,-
VABK,2026-04-23
VACHU,-
VACH,-
VALN,2026-03-16
VALU,-
VANI,2026-04-01
VBIX,-
VBNK,2026-03-04
VCEL,2026-02-26
VCICU,-
VCIC,-
VCIG,2026-05-01
VCTR,2026-05-08
VCYT,2026-02-26
VC,2026-04-23
VECO,2026-02-26
VEEA,-
VEEE,2026-03-19
VELO,2026-03-27
VEON,2026-03-16
VERA,2026-02-26
VERI,2026-03-13
VERU,2026-05-07
VERX,2026-05-06
VFF,2026-03-12
VFS,2026-02-24
VGAS,-
VHCPU,-
VHCP,-
VHC,-
VHUB,-
VIASP,-
VIAV,2026-05-01
VICR,2026-04-29
VINP,2026-03-05
VIOT,-
VIRC,2026-04-13
VIR,2026-02-24
VISN,2026-02-26
VITL,2026-02-26
VIVS,-
VKTX,2026-04-30
VLGEA,2026-03-03
VLYPN,-
VLYPO,-
VLYPP,-
VLY,2026-04-30
VMAR,2026-04-07
VMD,2026-03-12
VNCE,2026-05-01
VNDA,2026-05-07
VNET,2026-03-11
VNMEU,-
VNME,-
VNOM,2026-02-24
VOD,2026-05-12
VOR,2026-03-27
VOXR,2026-03-06
VRAX,-
VRA,2026-03-11
VRCA,2026-03-12
VRDN,2026-02-26
VREX,2026-05-08
VRME,-
VRM,2026-03-12
VRNS,2026-05-06
VRRM,2026-02-25
VRSK,2026-05-06
VRSN,2026-04-24
VRTX,2026-05-05
VSAT,2026-02-06
VSA,-
VSECU,-
VSEC,2026-02-26
VSEE,-
VSME,-
VSNT,2026-03-03
VSTD,-
VSTM,2026-03-05
VS,-
VTGN,2026-02-13
VTIX,-
VTRS,2026-02-26
VTSI,2026-03-27
VTVT,-
VTYX,2026-02-27
VUZI,2026-03-13
VVOS,2026-04-01
VVPR,-
VWAV,-
VYGR,2026-03-16
VYNE,-
WABC,2026-04-17
WAFDP,-
WAFD,2026-04-11
WAFU,-
WAI,-
WALD,2026-03-17
WASH,2026-04-21
WATT,-
WAVE,-
WAY,2026-04-29
WBD,2026-02-26
WBTN,2026-03-04
WBUY,-
WB,2026-03-18
WCT,-
WDAY,2026-02-25
WDC,2026-05-07
WDFC,2026-04-09
WENNU,-
WENN,-
WEN,2026-05-01
WERN,2026-04-29
WEST,2026-03-11
WETH,-
WETO,-
WEYS,2026-03-04
WFCF,2026-02-24
WFF,-
WFRD,2026-04-22
WGRX,-
WGS,2026-02-23
WHF,2026-03-02
WHLRD,-
WHLRL,-
WHLRP,-
WHLR,-
WHWK,2026-03-17
WILC,-
WIMI,2026-04-22
WINA,2026-04-16
WING,2026-04-29
WIX,2026-03-04
WKEY,-
WKHS,2026-04-01
WKSP,2026-03-26
WLACU,-
WLAC,-
WLDN,2026-02-27
WLDS,-
WLFC,2026-03-10
WLIIU,-
WLTH,2026-03-12
WMG,2026-05-08
WMT,2026-05-14
WNEB,2026-04-22
WNW,-
WOK,-
WOOF,2026-03-26
WORX,-
WPRT,2026-03-31
WRAP,2026-03-27
WRD,2026-03-12
WRLD,2026-04-29
WSBCO,-
WSBC,2026-04-29
WSBF,2026-04-22
WSBK,-
WSC,2026-05-01
WSFS,2026-04-24
WSHP,-
WSTNR,-
WSTNU,-
WSTN,-
WTBA,2026-04-30
WTFCN,-
WTFC,2026-04-21
WTF,-
WTGUR,-
WTGUU,-
WTG,-
WTO,-
WTW,2026-04-23
WULF,2026-02-27
WVE,2026-02-26
WVVIP,-
WVVI,-
WWD,2026-04-28
WW,2026-03-03
WXM,-
WYFI,2026-03-26
WYHG,-
WYNN,2026-05-07
XAIR,2026-02-13
XBIO,-
XBIT,-
XBP,-
XCBEU,-
XCH,2026-02-23
XCUR,-
XELB,2026-04-01
XEL,2026-04-23
XENE,2026-02-27
XERS,2026-03-02
XFOR,2026-03-24
XGN,2026-03-10
XHG,-
XHLD,-
XLO,-
XMTR,2026-02-24
XNCR,2026-02-27
XNET,2026-03-12
XOMAO,-
XOMAP,-
XOMA,2026-03-17
XOS,2026-03-28
XPEL,2026-02-25
XPON,2026-03-31
XP,2026-02-13
XRAY,2026-02-27
XRPNU,-
XRPN,-
XRTX,2026-03-26
XRX,2026-04-30
XSLLU,-
XTIA,-
XTKG,-
XTLB,-
XWEL,-
XWIN,-
XXII,2026-03-19
YAAS,-
YB,2026-03-11
YDDL,-
YDES,-
YDKG,-
YHC,-
YHGJ,-
YHNAR,-
YHNAU,-
YHNA,-
YIBO,-
YI,2026-03-19
YJ,2026-04-20
YMAT,-
YMT,-
YORW,2026-03-04
YOUL,-
YQ,-
YSXT,-
YTRA,2026-02-11
YXT,2026-03-20
YYAI,-
YYGH,-
ZBAI,-
ZBAO,-
ZBIO,2026-03-17
ZBRA,2026-05-12
ZCMD,-
ZDAI,-
ZD,2026-02-24
ZENA,2026-04-01
ZENV,2026-02-24
ZEO,-
ZGM,-
ZG,2026-05-07
ZIONP,-
ZION,2026-04-21
ZJK,2026-04-27
ZJYL,2026-01-24
ZKIN,-
ZKPU,-
ZKP,-
ZLAB,2026-02-26
ZM,2026-02-26
ZNB,-
ZNTL,2026-03-27
ZOOZ,-
ZSPC,2026-03-27
ZSTK,-
ZS,2026-02-27
ZTEK,2026-02-18
ZUMZ,2026-03-13
ZURA,2026-03-24
ZVRA,2026-03-11
ZYBT,-
ZYME,2026-03-02
ZYXI,2026-02-27
Z,2026-05-07
